STATION,NAME,DATE,AWND,DAPR,EVAP,MDPR,MNPN,MXPN,PGTM,PRCP,SNOW,SNWD,TAVG,TMAX,TMIN,TOBS,WDF2,WDF5,WDMV,WESD,WESF,WSF2,WSF5,WT01,WT02,WT03,WT04,WT05,WT06,WT08,WT09,WT11
USW00013743,"WASHINGTON REAGAN NATIONAL AIRPORT, VA US",1/1/2018,11.63,,,,,,,0,0,0,19,26,13,,320,330,,,,23.9,31.1,,,,,,,,,
USW00013743,"WASHINGTON REAGAN NATIONAL AIRPORT, VA US",1/2/2018,7.83,,,,,,,0,0,0,18,26,13,,260,320,,,,15,19.9,,,,,,,,,
USW00013743,"WASHINGTON REAGAN NATIONAL AIRPORT, VA US",1/3/2018,3.8,,,,,,,0,0,0,23,35,13,,50,30,,,,12.1,13,1,,,,,,,,
USW00013743,"WASHINGTON REAGAN NATIONAL AIRPORT, VA US",1/4/2018,19.91,,,,,,,0.1,0.8,1.2,26,27,16,,320,310,,,,35.1,49,1,,,,,,,1,
USW00013743,"WASHINGTON REAGAN NATIONAL AIRPORT, VA US",1/5/2018,15.66,,,,,,,0,0,1.2,17,21,13,,310,320,,,,30,38.9,,,,,,,,,
USW00013743,"WASHINGTON REAGAN NATIONAL AIRPORT, VA US",1/6/2018,13.42,,,,,,,0,0,0,15,21,11,,270,260,,,,25.9,34,,,,,,,,,
USW00013743,"WASHINGTON REAGAN NATIONAL AIRPORT, VA US",1/7/2018,8.95,,,,,,,0,0,0,15,23,8,,190,320,,,,15,21,,,,,,,,,
USW00013743,"WASHINGTON REAGAN NATIONAL AIRPORT, VA US",1/8/2018,8.5,,,,,,,0.06,0,0,25,39,19,,200,200,,,,16.1,19.9,,,,1,,,,,
USW00013743,"WASHINGTON REAGAN NATIONAL AIRPORT, VA US",1/9/2018,5.37,,,,,,,0,0,0,38,51,30,,350,340,,,,14.1,18.1,1,1,,,,,,,
USW00013743,"WASHINGTON REAGAN NATIONAL AIRPORT, VA US",1/10/2018,3.36,,,,,,,0,0,0,36,43,27,,40,40,,,,8.9,8.9,,,,,,,,,
USW00013743,"WASHINGTON REAGAN NATIONAL AIRPORT, VA US",1/11/2018,4.47,,,,,,,0,0,0,46,62,38,,170,170,,,,13,17,,,,,,,,,
USW00013743,"WASHINGTON REAGAN NATIONAL AIRPORT, VA US",1/12/2018,12.08,,,,,,,0.37,0,0,60,64,57,,170,170,,,,23,31.1,1,,,,,,,,
USW00013743,"WASHINGTON REAGAN NATIONAL AIRPORT, VA US",1/13/2018,19.69,,,,,,,0.11,0,0,45,62,21,,300,300,,,,36,48.1,1,,,,,,,,
USW00013743,"WASHINGTON REAGAN NATIONAL AIRPORT, VA US",1/14/2018,12.97,,,,,,,0,0,0,23,28,17,,320,320,,,,23.9,28,,,,,,,,,
USW00013743,"WASHINGTON REAGAN NATIONAL AIRPORT, VA US",1/15/2018,6.93,,,,,,,0,0,0,24,32,18,,20,20,,,,13,16.1,,,,,,,,,
USW00013743,"WASHINGTON REAGAN NATIONAL AIRPORT, VA US",1/16/2018,3.8,,,,,,,0,0,0,33,43,30,,330,330,,,,14.1,16.1,,,,,,,,,
USW00013743,"WASHINGTON REAGAN NATIONAL AIRPORT, VA US",1/17/2018,15.88,,,,,,,0.03,0.4,0,30,37,20,,340,340,,,,23.9,31.1,1,,,,,,,,
USW00013743,"WASHINGTON REAGAN NATIONAL AIRPORT, VA US",1/18/2018,8.95,,,,,,,0,0,0,29,47,19,,310,330,,,,19.9,29.1,,,,,,,,,
USW00013743,"WASHINGTON REAGAN NATIONAL AIRPORT, VA US",1/19/2018,6.04,,,,,,,0,0,0,38,51,25,,170,180,,,,14.1,17,,,,,,,,,
USW00013743,"WASHINGTON REAGAN NATIONAL AIRPORT, VA US",1/20/2018,6.26,,,,,,,0,0,0,40,63,28,,230,250,,,,15,19,,,,,,,,,
USW00013743,"WASHINGTON REAGAN NATIONAL AIRPORT, VA US",1/21/2018,4.92,,,,,,,0,0,0,44,61,32,,180,190,,,,13,14.1,,,,,,,,,
USW00013743,"WASHINGTON REAGAN NATIONAL AIRPORT, VA US",1/22/2018,8.05,,,,,,,0,0,0,54,65,47,,170,170,,,,15,18.1,,,,,,,,,
USW00013743,"WASHINGTON REAGAN NATIONAL AIRPORT, VA US",1/23/2018,11.86,,,,,,,0.11,0,0,57,68,47,,320,330,,,,28,35.1,1,,,,,,,,
USW00013743,"WASHINGTON REAGAN NATIONAL AIRPORT, VA US",1/24/2018,12.97,,,,,,,0,0,0,46,48,35,,330,330,,,,23.9,31.1,,,,,,,,,
USW00013743,"WASHINGTON REAGAN NATIONAL AIRPORT, VA US",1/25/2018,10.07,,,,,,,0,0,0,37,42,31,,330,330,,,,23.9,30,,,,,,,,,
USW00013743,"WASHINGTON REAGAN NATIONAL AIRPORT, VA US",1/26/2018,5.14,,,,,,,0,0,0,37,50,28,,190,200,,,,13,16.1,,,,,,,,,
USW00013743,"WASHINGTON REAGAN NATIONAL AIRPORT, VA US",1/27/2018,12.97,,,,,,,0,0,0,47,63,38,,190,210,,,,23,29.1,,,,,,,,,
USW00013743,"WASHINGTON REAGAN NATIONAL AIRPORT, VA US",1/28/2018,6.93,,,,,,,0.16,0,0,52,57,47,,200,200,,,,18.1,21.9,1,,,,,,,,
USW00013743,"WASHINGTON REAGAN NATIONAL AIRPORT, VA US",1/29/2018,10.74,,,,,,,0,0,0,47,48,41,,60,70,,,,21,25.1,1,,,,,,,,
USW00013743,"WASHINGTON REAGAN NATIONAL AIRPORT, VA US",1/30/2018,16.78,,,,,,,0,0,0,37,41,24,,310,320,,,,31.1,40.9,,,,,,,,,
USW00013743,"WASHINGTON REAGAN NATIONAL AIRPORT, VA US",1/31/2018,10.74,,,,,,,0,0,0,27,41,21,,200,330,,,,19.9,25.1,,,,,,,,,
USW00013743,"WASHINGTON REAGAN NATIONAL AIRPORT, VA US",2/1/2018,10.29,,,,,,,0.02,0,0,43,54,40,,340,320,,,,23.9,32,,,,,,,,,
USW00013743,"WASHINGTON REAGAN NATIONAL AIRPORT, VA US",2/2/2018,15.21,,,,,,,0.04,0,0,37,43,19,,290,290,,,,30,38.9,,,,,,,,,
USW00013743,"WASHINGTON REAGAN NATIONAL AIRPORT, VA US",2/3/2018,10.51,,,,,,,0,0,0,24,36,17,,220,230,,,,18.1,23.9,,,,,,,,,
USW00013743,"WASHINGTON REAGAN NATIONAL AIRPORT, VA US",2/4/2018,7.83,,,,,,,1.12,0,0,34,37,33,,190,180,,,,17,23,1,,,,,,,,
USW00013743,"WASHINGTON REAGAN NATIONAL AIRPORT, VA US",2/5/2018,9.84,,,,,,,0,0,0,35,39,27,,320,320,,,,28,35.1,1,,,,,,,,
USW00013743,"WASHINGTON REAGAN NATIONAL AIRPORT, VA US",2/6/2018,5.82,,,,,,,0,0,0,33,43,28,,340,330,,,,14.1,17,,,,,,,,,
USW00013743,"WASHINGTON REAGAN NATIONAL AIRPORT, VA US",2/7/2018,6.93,,,,,,,0.49,0,0,35,43,33,,340,320,,,,21.9,29.1,1,,,,,,,,
USW00013743,"WASHINGTON REAGAN NATIONAL AIRPORT, VA US",2/8/2018,10.51,,,,,,,0,0,0,34,38,26,,330,340,,,,28,35.1,,,,,,,,,
USW00013743,"WASHINGTON REAGAN NATIONAL AIRPORT, VA US",2/9/2018,6.04,,,,,,,0,0,0,35,46,27,,170,160,,,,14.1,16.1,,,,,,,,,
USW00013743,"WASHINGTON REAGAN NATIONAL AIRPORT, VA US",2/10/2018,4.92,,,,,,,1.06,0,0,43,50,39,,200,210,,,,12.1,16.1,1,,,,,,,,
USW00013743,"WASHINGTON REAGAN NATIONAL AIRPORT, VA US",2/11/2018,6.93,,,,,,,1.05,0,0,53,68,45,,220,210,,,,25.9,35.1,1,1,1,,,,,,
USW00013743,"WASHINGTON REAGAN NATIONAL AIRPORT, VA US",2/12/2018,12.75,,,,,,,0.09,0,0,53,65,37,,350,330,,,,25.1,30,,,,,,,,,
USW00013743,"WASHINGTON REAGAN NATIONAL AIRPORT, VA US",2/13/2018,8.5,,,,,,,0,0,0,38,43,33,,10,10,,,,16.1,19.9,,,,,,,,,
USW00013743,"WASHINGTON REAGAN NATIONAL AIRPORT, VA US",2/14/2018,7.16,,,,,,,0.03,0,0,40,53,34,,170,180,,,,17,19.9,,,,,,,,,
USW00013743,"WASHINGTON REAGAN NATIONAL AIRPORT, VA US",2/15/2018,10.51,,,,,,,0.01,0,0,55,74,47,,210,210,,,,21.9,28,,,,,,,,,
USW00013743,"WASHINGTON REAGAN NATIONAL AIRPORT, VA US",2/16/2018,12.53,,,,,,,0.05,0,0,62,67,40,,320,320,,,,28,36.9,1,,,,,,,,
USW00013743,"WASHINGTON REAGAN NATIONAL AIRPORT, VA US",2/17/2018,8.28,,,,,,,0.42,0.2,0,39,44,34,,360,330,,,,16.1,21.9,1,,,,,,,,
USW00013743,"WASHINGTON REAGAN NATIONAL AIRPORT, VA US",2/18/2018,6.26,,,,,,,0,0,0,40,51,33,,320,330,,,,16.1,21,,,,,,,,,
USW00013743,"WASHINGTON REAGAN NATIONAL AIRPORT, VA US",2/19/2018,7.61,,,,,,,0.02,0,0,42,50,40,,180,200,,,,14.1,18.1,1,,,,,,,,
USW00013743,"WASHINGTON REAGAN NATIONAL AIRPORT, VA US",2/20/2018,12.3,,,,,,,0,0,0,58,78,49,,200,200,,,,25.1,32,1,,,,,,,,
USW00013743,"WASHINGTON REAGAN NATIONAL AIRPORT, VA US",2/21/2018,12.75,,,,,,,0,0,0,67,82,56,,210,240,,,,23.9,30,,,,,,,,,
USW00013743,"WASHINGTON REAGAN NATIONAL AIRPORT, VA US",2/22/2018,12.3,,,,,,,0.06,0,0,60,67,43,,60,60,,,,23,25.9,1,,,,,,1,,
USW00013743,"WASHINGTON REAGAN NATIONAL AIRPORT, VA US",2/23/2018,5.82,,,,,,,0,0,0,44,48,41,,80,70,,,,15,17,1,,,,,,,,
USW00013743,"WASHINGTON REAGAN NATIONAL AIRPORT, VA US",2/24/2018,6.26,,,,,,,0.16,0,0,50,53,48,,60,40,,,,16.1,18.1,1,1,,,,,,,
USW00013743,"WASHINGTON REAGAN NATIONAL AIRPORT, VA US",2/25/2018,4.03,,,,,,,0.17,0,0,50,54,47,,300,300,,,,15,19,1,,,,,,,,
USW00013743,"WASHINGTON REAGAN NATIONAL AIRPORT, VA US",2/26/2018,6.71,,,,,,,0,0,0,51,53,41,,340,320,,,,17,21.9,1,1,,,,,,,
USW00013743,"WASHINGTON REAGAN NATIONAL AIRPORT, VA US",2/27/2018,6.49,,,,,,,0,0,0,47,58,36,,180,180,,,,15,18.1,,,,,,,,,
USW00013743,"WASHINGTON REAGAN NATIONAL AIRPORT, VA US",2/28/2018,10.74,,,,,,,0,0,0,50,64,44,,170,190,,,,17,21,,,,,,,,,
USW00013743,"WASHINGTON REAGAN NATIONAL AIRPORT, VA US",3/1/2018,4.7,,,,,,,0.09,0,0,53,59,49,,110,130,,,,13,15,1,,,,,,,,
USW00013743,"WASHINGTON REAGAN NATIONAL AIRPORT, VA US",3/2/2018,29.97,,,,,,,0.01,0,0,47,54,39,,320,300,,,,47,62,1,,,,,,,,
USW00013743,"WASHINGTON REAGAN NATIONAL AIRPORT, VA US",3/3/2018,20.36,,,,,,,0,0,0,43,53,36,,330,330,,,,33.1,44.1,,,,,,,,,
USW00013743,"WASHINGTON REAGAN NATIONAL AIRPORT, VA US",3/4/2018,16.11,,,,,,,0,0,0,43,53,35,,330,340,,,,25.9,31.1,,,,,,,,,
USW00013743,"WASHINGTON REAGAN NATIONAL AIRPORT, VA US",3/5/2018,12.3,,,,,,,0,0,0,40,49,31,,350,350,,,,21.9,27.1,,,,,,,,,
USW00013743,"WASHINGTON REAGAN NATIONAL AIRPORT, VA US",3/6/2018,7.16,,,,,,,0.3,0.4,0,40,46,33,,170,150,,,,15,19,1,,,,,,,,
USW00013743,"WASHINGTON REAGAN NATIONAL AIRPORT, VA US",3/7/2018,12.08,,,,,,,0.03,0,0,40,51,34,,330,280,,,,23.9,30,1,,,,,,,,
USW00013743,"WASHINGTON REAGAN NATIONAL AIRPORT, VA US",3/8/2018,11.18,,,,,,,0,0,0,40,46,34,,290,320,,,,23,31.1,,,,,,,,,
USW00013743,"WASHINGTON REAGAN NATIONAL AIRPORT, VA US",3/9/2018,12.3,,,,,,,0,0,0,38,46,33,,290,310,,,,25.9,33.1,,,,,,,,,
USW00013743,"WASHINGTON REAGAN NATIONAL AIRPORT, VA US",3/10/2018,7.83,,,,,,,0,0,0,39,49,31,,180,220,,,,18.1,21.9,,,,,,,,,
USW00013743,"WASHINGTON REAGAN NATIONAL AIRPORT, VA US",3/11/2018,6.26,,,,,,,0,0,0,41,52,31,,10,20,,,,13,16.1,,,,,,,,,
USW00013743,"WASHINGTON REAGAN NATIONAL AIRPORT, VA US",3/12/2018,12.75,,,,,,,0.01,0,0,40,46,34,,340,330,,,,23.9,29.1,,,,,,,,,
USW00013743,"WASHINGTON REAGAN NATIONAL AIRPORT, VA US",3/13/2018,15.88,,,,,,,0,0,0,38,47,33,,340,340,,,,30,38,,,,,,,,,
USW00013743,"WASHINGTON REAGAN NATIONAL AIRPORT, VA US",3/14/2018,16.78,,,,,,,0,0,0,38,44,32,,290,270,,,,28,38.9,,,,,,,,,
USW00013743,"WASHINGTON REAGAN NATIONAL AIRPORT, VA US",3/15/2018,11.63,,,,,,,0,0,0,41,55,31,,310,320,,,,28,36,,,,,,,,,
USW00013743,"WASHINGTON REAGAN NATIONAL AIRPORT, VA US",3/16/2018,12.75,,,,,,,0,0,0,41,47,34,,330,320,,,,33.1,42.9,,,,,,,,,
USW00013743,"WASHINGTON REAGAN NATIONAL AIRPORT, VA US",3/17/2018,5.59,,,,,,,0,0,0,39,46,32,,270,260,,,,17,23,,,,,,,,,
USW00013743,"WASHINGTON REAGAN NATIONAL AIRPORT, VA US",3/18/2018,6.71,,,,,,,0,0,0,44,59,34,,340,340,,,,16.1,19.9,,,,,,,,,
USW00013743,"WASHINGTON REAGAN NATIONAL AIRPORT, VA US",3/19/2018,6.71,,,,,,,0,0,0,47,56,36,,60,100,,,,15,19.9,,,,,,,,,
USW00013743,"WASHINGTON REAGAN NATIONAL AIRPORT, VA US",3/20/2018,14.99,,,,,,,0.87,0,0,40,43,32,,40,60,,,,30,38,1,,,1,,1,,,
USW00013743,"WASHINGTON REAGAN NATIONAL AIRPORT, VA US",3/21/2018,14.09,,,,,,,0.49,4.1,0,33,36,32,,30,30,,,,25.9,31.1,1,1,,,,,,,
USW00013743,"WASHINGTON REAGAN NATIONAL AIRPORT, VA US",3/22/2018,15.66,,,,,,,0,0,2,39,49,34,,320,320,,,,25.1,34,,,,,,,,,
USW00013743,"WASHINGTON REAGAN NATIONAL AIRPORT, VA US",3/23/2018,15.88,,,,,,,0,0,0,42,51,35,,340,340,,,,25.1,34,,,,,,,,,
USW00013743,"WASHINGTON REAGAN NATIONAL AIRPORT, VA US",3/24/2018,7.38,,,,,,,0,0,0,42,52,33,,330,330,,,,21,27.1,,,,,,,,,
USW00013743,"WASHINGTON REAGAN NATIONAL AIRPORT, VA US",3/25/2018,11.41,,,,,,,0,0,0,41,48,34,,90,360,,,,21.9,23.9,,,,,,,,,
USW00013743,"WASHINGTON REAGAN NATIONAL AIRPORT, VA US",3/26/2018,8.5,,,,,,,0,0,0,42,50,34,,110,70,,,,16.1,19.9,,,,,,,,,
USW00013743,"WASHINGTON REAGAN NATIONAL AIRPORT, VA US",3/27/2018,6.71,,,,,,,0.02,0,0,41,48,34,,200,,,,,10.1,,,,,,,,,,
USW00013743,"WASHINGTON REAGAN NATIONAL AIRPORT, VA US",3/28/2018,4.7,,,,,,,0.1,0,0,47,58,43,,190,210,,,,10.1,13,,,,,,,,,
USW00013743,"WASHINGTON REAGAN NATIONAL AIRPORT, VA US",3/29/2018,7.38,,,,,,,0,0,0,56,78,48,,210,210,,,,23,30,1,,,,,,1,,
USW00013743,"WASHINGTON REAGAN NATIONAL AIRPORT, VA US",3/30/2018,16.11,,,,,,,0,0,0,66,77,45,,330,330,,,,29.1,38.9,,,,,,,,,
USW00013743,"WASHINGTON REAGAN NATIONAL AIRPORT, VA US",3/31/2018,11.41,,,,,,,0,0,0,50,61,39,,180,190,,,,21,25.9,,,,,,,,,
USW00013743,"WASHINGTON REAGAN NATIONAL AIRPORT, VA US",4/1/2018,8.95,,,,,,,0,0,0,55,67,50,,190,190,,,,21,25.9,,,,,,,,,
USW00013743,"WASHINGTON REAGAN NATIONAL AIRPORT, VA US",4/2/2018,10.07,,,,,,,0.02,0,0,49,54,42,,10,10,,,,23.9,27.1,,,,,,,,,
USW00013743,"WASHINGTON REAGAN NATIONAL AIRPORT, VA US",4/3/2018,7.38,,,,,,,0.01,0,0,47,56,44,,130,140,,,,21,25.9,,,,,,,,,
USW00013743,"WASHINGTON REAGAN NATIONAL AIRPORT, VA US",4/4/2018,17.45,,,,,,,0,0,0,57,73,42,,320,320,,,,35.1,46.1,,,,,,,,,
USW00013743,"WASHINGTON REAGAN NATIONAL AIRPORT, VA US",4/5/2018,10.74,,,,,,,0,0,0,45,56,34,,320,300,,,,21.9,29.1,,,,,,,,,
USW00013743,"WASHINGTON REAGAN NATIONAL AIRPORT, VA US",4/6/2018,13.42,,,,,,,0,0,0,53,72,44,,200,200,,,,29.1,38.9,,,,,,,,,
USW00013743,"WASHINGTON REAGAN NATIONAL AIRPORT, VA US",4/7/2018,13.2,,,,,,,0,0,0,51,67,37,,330,330,,,,25.9,31.1,,,,,,,,,
USW00013743,"WASHINGTON REAGAN NATIONAL AIRPORT, VA US",4/8/2018,14.09,,,,,,,0,0,0,42,51,34,,340,320,,,,21.9,29.1,,,,,,,,,
USW00013743,"WASHINGTON REAGAN NATIONAL AIRPORT, VA US",4/9/2018,6.71,,,,,,,0.02,0,0,42,46,38,,50,50,,,,14.1,15,1,,,,,,1,,
USW00013743,"WASHINGTON REAGAN NATIONAL AIRPORT, VA US",4/10/2018,10.07,,,,,,,0,0,0,46,55,38,,350,310,,,,19.9,25.9,1,,,,,,,,
USW00013743,"WASHINGTON REAGAN NATIONAL AIRPORT, VA US",4/11/2018,6.49,,,,,,,0,0,0,49,57,43,,170,170,,,,16.1,23,,,,,,,,,
USW00013743,"WASHINGTON REAGAN NATIONAL AIRPORT, VA US",4/12/2018,13.2,,,,,,,0,0,0,57,78,45,,200,190,,,,32,40.9,,,,,,,,,
USW00013743,"WASHINGTON REAGAN NATIONAL AIRPORT, VA US",4/13/2018,13.87,,,,,,,0,0,0,71,86,60,,220,220,,,,25.1,31.1,,,,,,,,,
USW00013743,"WASHINGTON REAGAN NATIONAL AIRPORT, VA US",4/14/2018,12.97,,,,,,,0,0,0,74,85,63,,210,210,,,,25.9,35.1,,,,,,,,,
USW00013743,"WASHINGTON REAGAN NATIONAL AIRPORT, VA US",4/15/2018,16.11,,,,,,,0.13,0,0,61,69,48,,60,60,,,,25.9,32,1,,,,,,1,,
USW00013743,"WASHINGTON REAGAN NATIONAL AIRPORT, VA US",4/16/2018,12.08,,,,,,,1.88,0,0,53,62,45,,280,290,,,,23.9,33.1,1,,1,,,,,,
USW00013743,"WASHINGTON REAGAN NATIONAL AIRPORT, VA US",4/17/2018,13.2,,,,,,,0,0,0,45,49,40,,310,290,,,,23,30,,,,,,,,,
USW00013743,"WASHINGTON REAGAN NATIONAL AIRPORT, VA US",4/18/2018,7.61,,,,,,,0,0,0,48,62,36,,260,320,,,,16.1,19.9,,,,,,,,,
USW00013743,"WASHINGTON REAGAN NATIONAL AIRPORT, VA US",4/19/2018,14.09,,,,,,,0.03,0,0,53,59,43,,310,300,,,,33.1,44.1,,,,,,,,,
USW00013743,"WASHINGTON REAGAN NATIONAL AIRPORT, VA US",4/20/2018,12.75,,,,,,,0,0,0,48,61,38,,340,320,,,,23.9,29.1,,,,,,,,,
USW00013743,"WASHINGTON REAGAN NATIONAL AIRPORT, VA US",4/21/2018,5.14,,,,,,,0,0,0,52,63,42,,60,50,,,,15,17,,,,,,,,,
USW00013743,"WASHINGTON REAGAN NATIONAL AIRPORT, VA US",4/22/2018,7.16,,,,,,,0,0,0,57,67,48,,110,90,,,,16.1,19.9,,,,,,,,,
USW00013743,"WASHINGTON REAGAN NATIONAL AIRPORT, VA US",4/23/2018,7.38,,,,,,,0,0,0,59,69,50,,140,130,,,,21,25.1,,,,,,,,,
USW00013743,"WASHINGTON REAGAN NATIONAL AIRPORT, VA US",4/24/2018,10.96,,,,,,,0.46,0,0,58,63,55,,110,120,,,,23.9,32,1,,,,,,,,
USW00013743,"WASHINGTON REAGAN NATIONAL AIRPORT, VA US",4/25/2018,7.83,,,,,,,0.32,0,0,59,67,55,,320,330,,,,16.1,19.9,1,,,,,,,,
USW00013743,"WASHINGTON REAGAN NATIONAL AIRPORT, VA US",4/26/2018,8.5,,,,,,,0,0,0,62,73,50,,330,280,,,,19.9,25.1,,,,,,,,,
USW00013743,"WASHINGTON REAGAN NATIONAL AIRPORT, VA US",4/27/2018,6.04,,,,,,,0.72,0,0,59,64,54,,40,50,,,,17,21.9,1,,1,,,,,,
USW00013743,"WASHINGTON REAGAN NATIONAL AIRPORT, VA US",4/28/2018,10.96,,,,,,,0,0,0,62,78,51,,330,340,,,,29.1,36,1,,,,,,,,
USW00013743,"WASHINGTON REAGAN NATIONAL AIRPORT, VA US",4/29/2018,14.54,,,,,,,0,0,0,53,58,45,,320,330,,,,25.1,33.1,,,,,,,,,
USW00013743,"WASHINGTON REAGAN NATIONAL AIRPORT, VA US",4/30/2018,10.51,,,,,,,0,0,0,55,73,41,,330,310,,,,23.9,34,,,,,,,,,
USW00013743,"WASHINGTON REAGAN NATIONAL AIRPORT, VA US",5/1/2018,6.26,,,,,,,0,0,0,66,83,49,,270,250,,,,15,21,,,,,,,,,
USW00013743,"WASHINGTON REAGAN NATIONAL AIRPORT, VA US",5/2/2018,7.83,,,,,,,0,0,0,72,91,56,,230,250,,,,18.1,25.9,,,,,,,,,
USW00013743,"WASHINGTON REAGAN NATIONAL AIRPORT, VA US",5/3/2018,10.51,,,,,,,0,0,0,76,90,64,,210,210,,,,21,27.1,,,,,,,,,
USW00013743,"WASHINGTON REAGAN NATIONAL AIRPORT, VA US",5/4/2018,10.74,,,,,,,0,0,0,78,90,69,,330,320,,,,25.1,30,,,,,,,,,
USW00013743,"WASHINGTON REAGAN NATIONAL AIRPORT, VA US",5/5/2018,7.83,,,,,,,0,0,0,73,76,62,,360,360,,,,17,21,,,1,,,,,,
USW00013743,"WASHINGTON REAGAN NATIONAL AIRPORT, VA US",5/6/2018,8.28,,,,,,,0,0,0,65,73,59,,310,320,,,,17,21,,,,,,,,,
USW00013743,"WASHINGTON REAGAN NATIONAL AIRPORT, VA US",5/7/2018,7.83,,,,,,,0,0,0,66,77,58,,50,60,,,,14.1,17,,,,,,,,,
USW00013743,"WASHINGTON REAGAN NATIONAL AIRPORT, VA US",5/8/2018,7.16,,,,,,,0,0,0,68,78,58,,90,60,,,,13,19,,,,,,,,,
USW00013743,"WASHINGTON REAGAN NATIONAL AIRPORT, VA US",5/9/2018,5.59,,,,,,,0,0,0,68,80,57,,130,110,,,,14.1,17,,,,,,,,,
USW00013743,"WASHINGTON REAGAN NATIONAL AIRPORT, VA US",5/10/2018,9.4,,,,,,,0,0,0,70,83,61,,200,210,,,,18.1,25.1,,,1,,,,,,
USW00013743,"WASHINGTON REAGAN NATIONAL AIRPORT, VA US",5/11/2018,6.26,,,,,,,0,0,0,73,85,61,,120,10,,,,16.1,19.9,,,,,,,,,
USW00013743,"WASHINGTON REAGAN NATIONAL AIRPORT, VA US",5/12/2018,8.72,,,,,,,0.15,0,0,76,90,67,,360,320,,,,25.9,35.1,,,1,,,,1,,
USW00013743,"WASHINGTON REAGAN NATIONAL AIRPORT, VA US",5/13/2018,7.61,,,,,,,0.52,0,0,69,73,63,,60,360,,,,17,19.9,1,,1,,,,,,
USW00013743,"WASHINGTON REAGAN NATIONAL AIRPORT, VA US",5/14/2018,6.26,,,,,,,1.49,0,0,67,81,62,,350,290,,,,29.1,38,1,,1,,,,1,,
USW00013743,"WASHINGTON REAGAN NATIONAL AIRPORT, VA US",5/15/2018,12.97,,,,,,,0.41,0,0,75,89,66,,250,260,,,,33.1,42.1,1,,1,,,,,,
USW00013743,"WASHINGTON REAGAN NATIONAL AIRPORT, VA US",5/16/2018,5.82,,,,,,,0.82,0,0,72,75,67,,70,90,,,,13,16.1,1,,1,,,,1,,
USW00013743,"WASHINGTON REAGAN NATIONAL AIRPORT, VA US",5/17/2018,8.5,,,,,,,0.97,0,0,67,69,66,,60,50,,,,14.1,15,1,,1,,,,,,
USW00013743,"WASHINGTON REAGAN NATIONAL AIRPORT, VA US",5/18/2018,13.2,,,,,,,1.01,0,0,66,69,57,,50,40,,,,23,29.1,1,,,,,,,,
USW00013743,"WASHINGTON REAGAN NATIONAL AIRPORT, VA US",5/19/2018,6.26,,,,,,,0.77,0,0,61,72,57,,60,60,,,,16.1,19,1,,,,,,,,
USW00013743,"WASHINGTON REAGAN NATIONAL AIRPORT, VA US",5/20/2018,8.28,,,,,,,0,0,0,76,89,68,,260,260,,,,16.1,19.9,,,,,,,,,
USW00013743,"WASHINGTON REAGAN NATIONAL AIRPORT, VA US",5/21/2018,8.28,,,,,,,0,0,0,75,82,67,,130,130,,,,15,19,,,,,,,,,
USW00013743,"WASHINGTON REAGAN NATIONAL AIRPORT, VA US",5/22/2018,6.26,,,,,,,1.23,0,0,70,80,65,,320,320,,,,18.1,23,1,,1,,,,,,
USW00013743,"WASHINGTON REAGAN NATIONAL AIRPORT, VA US",5/23/2018,9.84,,,,,,,0,0,0,74,83,66,,330,330,,,,25.1,31.1,1,,,,,,,,
USW00013743,"WASHINGTON REAGAN NATIONAL AIRPORT, VA US",5/24/2018,5.82,,,,,,,0,0,0,74,87,63,,360,360,,,,14.1,15,,,,,,,,,
USW00013743,"WASHINGTON REAGAN NATIONAL AIRPORT, VA US",5/25/2018,9.62,,,,,,,0,0,0,74,86,63,,210,200,,,,19.9,23.9,,,,,,,,,
USW00013743,"WASHINGTON REAGAN NATIONAL AIRPORT, VA US",5/26/2018,8.72,,,,,,,0.03,0,0,78,87,71,,210,220,,,,21.9,25.9,,,1,,,,,,
USW00013743,"WASHINGTON REAGAN NATIONAL AIRPORT, VA US",5/27/2018,8.05,,,,,,,0,0,0,78,85,68,,40,40,,,,17,19.9,1,,1,,,,,,
USW00013743,"WASHINGTON REAGAN NATIONAL AIRPORT, VA US",5/28/2018,7.16,,,,,,,0.01,0,0,68,72,64,,50,50,,,,15,18.1,1,,,,,,,,
USW00013743,"WASHINGTON REAGAN NATIONAL AIRPORT, VA US",5/29/2018,4.47,,,,,,,0,0,0,74,83,69,,180,180,,,,12.1,13,1,1,,,,,1,,
USW00013743,"WASHINGTON REAGAN NATIONAL AIRPORT, VA US",5/30/2018,8.05,,,,,,,0,0,0,75,81,71,,120,140,,,,16.1,19.9,1,1,,,,,,,
USW00013743,"WASHINGTON REAGAN NATIONAL AIRPORT, VA US",5/31/2018,6.93,,,,,,,1.32,0,0,75,86,70,,300,200,,,,18.1,21.9,1,,1,,,,1,,
USW00013743,"WASHINGTON REAGAN NATIONAL AIRPORT, VA US",6/1/2018,6.49,,,,,,,0,0,0,78,90,71,,330,340,,,,18.1,21.9,,,1,,,,,,
USW00013743,"WASHINGTON REAGAN NATIONAL AIRPORT, VA US",6/2/2018,6.04,,,,,,,0.05,0,0,78,86,73,,10,20,,,,14.1,19,,,1,,,,,,
USW00013743,"WASHINGTON REAGAN NATIONAL AIRPORT, VA US",6/3/2018,14.32,,,,,,,1.65,0,0,69,75,58,,60,70,,,,25.9,32,1,,1,,,,,,
USW00013743,"WASHINGTON REAGAN NATIONAL AIRPORT, VA US",6/4/2018,8.28,,,,,,,0,0,0,64,80,56,,340,340,,,,18.1,21.9,,,,,,,,,
USW00013743,"WASHINGTON REAGAN NATIONAL AIRPORT, VA US",6/5/2018,9.4,,,,,,,0,0,0,73,84,61,,280,290,,,,23,31.1,,,,,,,,,
USW00013743,"WASHINGTON REAGAN NATIONAL AIRPORT, VA US",6/6/2018,9.62,,,,,,,0,0,0,70,78,63,,360,350,,,,17,19.9,,,,,,,,,
USW00013743,"WASHINGTON REAGAN NATIONAL AIRPORT, VA US",6/7/2018,7.16,,,,,,,0,0,0,70,79,62,,170,180,,,,13,16.1,,,,,,,,,
USW00013743,"WASHINGTON REAGAN NATIONAL AIRPORT, VA US",6/8/2018,6.71,,,,,,,0.96,0,0,73,84,65,,100,90,,,,25.1,30,,,1,,,,,,
USW00013743,"WASHINGTON REAGAN NATIONAL AIRPORT, VA US",6/9/2018,4.92,,,,,,,0.1,0,0,77,86,70,,10,10,,,,23,25.9,1,,1,,,,,,
USW00013743,"WASHINGTON REAGAN NATIONAL AIRPORT, VA US",6/10/2018,7.38,,,,,,,0,0,0,74,81,65,,60,60,,,,19.9,21.9,1,,1,,,,,,
USW00013743,"WASHINGTON REAGAN NATIONAL AIRPORT, VA US",6/11/2018,9.84,,,,,,,0.42,0,0,65,67,61,,30,30,,,,18.1,23,1,,1,,,,,,
USW00013743,"WASHINGTON REAGAN NATIONAL AIRPORT, VA US",6/12/2018,7.38,,,,,,,0,0,0,67,79,58,,170,170,,,,18.1,23,,,,,,,1,,
USW00013743,"WASHINGTON REAGAN NATIONAL AIRPORT, VA US",6/13/2018,9.62,,,,,,,0,0,0,74,85,68,,170,210,,,,16.1,19.9,1,,,,,,,,
USW00013743,"WASHINGTON REAGAN NATIONAL AIRPORT, VA US",6/14/2018,11.41,,,,,,,0,0,0,80,87,73,,290,300,,,,21.9,28,,,,,,,,,
USW00013743,"WASHINGTON REAGAN NATIONAL AIRPORT, VA US",6/15/2018,7.83,,,,,,,0,0,0,78,85,67,,10,310,,,,18.1,25.9,,,,,,,,,
USW00013743,"WASHINGTON REAGAN NATIONAL AIRPORT, VA US",6/16/2018,4.92,,,,,,,0,0,0,76,89,64,,170,20,,,,13,17,,,,,,,,,
USW00013743,"WASHINGTON REAGAN NATIONAL AIRPORT, VA US",6/17/2018,3.8,,,,,,,0,0,0,80,89,73,,180,140,,,,12.1,14.1,,,,,,,,,
USW00013743,"WASHINGTON REAGAN NATIONAL AIRPORT, VA US",6/18/2018,8.05,,,,,,,0,0,0,82,92,74,,200,220,,,,16.1,21,,,,,,,,,
USW00013743,"WASHINGTON REAGAN NATIONAL AIRPORT, VA US",6/19/2018,8.28,,,,,,,1.12,0,0,84,95,77,,360,320,,,,21.9,29.1,1,,1,,,,1,,
USW00013743,"WASHINGTON REAGAN NATIONAL AIRPORT, VA US",6/20/2018,5.37,,,,,,,0.13,0,0,79,86,73,,280,280,,,,18.1,23.9,,,1,,,,,,
USW00013743,"WASHINGTON REAGAN NATIONAL AIRPORT, VA US",6/21/2018,6.71,,,,,,,0,0,0,78,86,72,,360,320,,,,14.1,17,,,,,,,,,
USW00013743,"WASHINGTON REAGAN NATIONAL AIRPORT, VA US",6/22/2018,9.4,,,,,,,0.57,0,0,74,77,67,,60,110,,,,16.1,23.9,1,,,,,,,,
USW00013743,"WASHINGTON REAGAN NATIONAL AIRPORT, VA US",6/23/2018,3.8,,,,,,,0.06,0,0,72,81,67,,220,220,,,,13,15,1,,,,,,,,
USW00013743,"WASHINGTON REAGAN NATIONAL AIRPORT, VA US",6/24/2018,5.59,,,,,,,0.11,0,0,78,91,71,,350,350,,,,15,19.9,1,,1,,,,,,
USW00013743,"WASHINGTON REAGAN NATIONAL AIRPORT, VA US",6/25/2018,8.05,,,,,,,0,0,0,77,85,70,,360,340,,,,19.9,21.9,,,,,,,,,
USW00013743,"WASHINGTON REAGAN NATIONAL AIRPORT, VA US",6/26/2018,7.83,,,,,,,0,0,0,75,84,65,,190,200,,,,17,21.9,,,,,,,,,
USW00013743,"WASHINGTON REAGAN NATIONAL AIRPORT, VA US",6/27/2018,8.95,,,,,,,0.04,0,0,75,82,71,,160,170,,,,17,21,,,1,,,,,,
USW00013743,"WASHINGTON REAGAN NATIONAL AIRPORT, VA US",6/28/2018,8.5,,,,,,,0,0,0,81,89,75,,330,340,,,,18.1,21.9,,,,,,,,,
USW00013743,"WASHINGTON REAGAN NATIONAL AIRPORT, VA US",6/29/2018,5.59,,,,,,,0,0,0,83,93,73,,360,350,,,,12.1,14.1,,,,,,,,,
USW00013743,"WASHINGTON REAGAN NATIONAL AIRPORT, VA US",6/30/2018,6.71,,,,,,,0,0,0,83,91,72,,170,170,,,,15,17,,,,,,,,,
USW00013743,"WASHINGTON REAGAN NATIONAL AIRPORT, VA US",7/1/2018,6.71,,,,,,,0,0,0,83,93,75,,170,200,,,,14.1,17,,,,,,,,,
USW00013743,"WASHINGTON REAGAN NATIONAL AIRPORT, VA US",7/2/2018,7.38,,,,,,,0,0,0,86,95,78,,170,170,,,,14.1,16.1,1,,,,,,,,
USW00013743,"WASHINGTON REAGAN NATIONAL AIRPORT, VA US",7/3/2018,4.7,,,,,,,0,0,0,89,97,80,,70,60,,,,23,27.1,,,1,,,,,,
USW00013743,"WASHINGTON REAGAN NATIONAL AIRPORT, VA US",7/4/2018,5.59,,,,,,,0,0,0,86,93,80,,120,130,,,,13,16.1,,,,,,,,,
USW00013743,"WASHINGTON REAGAN NATIONAL AIRPORT, VA US",7/5/2018,8.5,,,,,,,0,0,0,86,92,80,,200,180,,,,14.1,17,,,,,,,,,
USW00013743,"WASHINGTON REAGAN NATIONAL AIRPORT, VA US",7/6/2018,9.84,,,,,,,0,0,0,83,89,79,,30,20,,,,18.1,23,,,,,,,,,
USW00013743,"WASHINGTON REAGAN NATIONAL AIRPORT, VA US",7/7/2018,11.41,,,,,,,0,0,0,77,82,68,,20,20,,,,25.9,31.1,,,,,,,,,
USW00013743,"WASHINGTON REAGAN NATIONAL AIRPORT, VA US",7/8/2018,7.16,,,,,,,0,0,0,75,85,64,,70,80,,,,16.1,19.9,,,,,,,,,
USW00013743,"WASHINGTON REAGAN NATIONAL AIRPORT, VA US",7/9/2018,5.82,,,,,,,0,0,0,77,88,64,,170,180,,,,15,18.1,,,,,,,,,
USW00013743,"WASHINGTON REAGAN NATIONAL AIRPORT, VA US",7/10/2018,6.26,,,,,,,0,0,0,83,96,71,,340,360,,,,17,23,,,,,,,,,
USW00013743,"WASHINGTON REAGAN NATIONAL AIRPORT, VA US",7/11/2018,8.72,,,,,,,0,0,0,86,94,78,,350,10,,,,17,23,,,,,,,,,
USW00013743,"WASHINGTON REAGAN NATIONAL AIRPORT, VA US",7/12/2018,7.83,,,,,,,0,0,0,82,92,73,,100,110,,,,16.1,18.1,,,,,,,,,
USW00013743,"WASHINGTON REAGAN NATIONAL AIRPORT, VA US",7/13/2018,7.16,,,,,,,0,0,0,79,89,71,,180,150,,,,14.1,18.1,,,,,,,,,
USW00013743,"WASHINGTON REAGAN NATIONAL AIRPORT, VA US",7/14/2018,9.62,,,,,,,0,0,0,80,91,70,,190,180,,,,18.1,21.9,,,,,,,,,
USW00013743,"WASHINGTON REAGAN NATIONAL AIRPORT, VA US",7/15/2018,7.61,,,,,,,0,0,0,81,88,74,,190,190,,,,14.1,17,,,,,,,,,
USW00013743,"WASHINGTON REAGAN NATIONAL AIRPORT, VA US",7/16/2018,6.49,,,,,,,0,0,0,84,98,76,,250,240,,,,28,33.1,,,1,,,,,,
USW00013743,"WASHINGTON REAGAN NATIONAL AIRPORT, VA US",7/17/2018,8.05,,,,,,,2.79,0,0,82,92,74,,310,300,,,,36,42.1,1,,1,,,,,,
USW00013743,"WASHINGTON REAGAN NATIONAL AIRPORT, VA US",7/18/2018,10.96,,,,,,,0,0,0,80,88,70,,340,330,,,,18.1,21,,,,,,,,,
USW00013743,"WASHINGTON REAGAN NATIONAL AIRPORT, VA US",7/19/2018,6.93,,,,,,,0,0,0,79,88,71,,130,130,,,,15,18.1,,,,,,,,,
USW00013743,"WASHINGTON REAGAN NATIONAL AIRPORT, VA US",7/20/2018,6.93,,,,,,,0,0,0,78,86,71,,130,120,,,,14.1,18.1,,,,,,,,,
USW00013743,"WASHINGTON REAGAN NATIONAL AIRPORT, VA US",7/21/2018,13.87,,,,,,,4,0,0,74,75,67,,20,10,,,,23.9,31.1,1,,,,,,,,
USW00013743,"WASHINGTON REAGAN NATIONAL AIRPORT, VA US",7/22/2018,5.59,,,,,,,1.35,0,0,72,83,65,,120,130,,,,17,21.9,1,,1,,,,,,
USW00013743,"WASHINGTON REAGAN NATIONAL AIRPORT, VA US",7/23/2018,9.4,,,,,,,0.06,0,0,79,85,76,,160,150,,,,21.9,28,1,,1,,,,,,
USW00013743,"WASHINGTON REAGAN NATIONAL AIRPORT, VA US",7/24/2018,8.72,,,,,,,0.32,0,0,78,83,75,,160,160,,,,19.9,23.9,1,,,,,,,,
USW00013743,"WASHINGTON REAGAN NATIONAL AIRPORT, VA US",7/25/2018,6.71,,,,,,,0.67,0,0,78,86,74,,160,150,,,,16.1,19.9,1,,1,,,,,,
USW00013743,"WASHINGTON REAGAN NATIONAL AIRPORT, VA US",7/26/2018,5.82,,,,,,,0,0,0,79,89,73,,170,170,,,,14.1,16.1,,,,,,,,,
USW00013743,"WASHINGTON REAGAN NATIONAL AIRPORT, VA US",7/27/2018,5.37,,,,,,,0,0,0,80,91,75,,330,340,,,,29.1,34,,,1,,,,,,
USW00013743,"WASHINGTON REAGAN NATIONAL AIRPORT, VA US",7/28/2018,7.16,,,,,,,0,0,0,79,87,72,,320,320,,,,18.1,25.1,,,,,,,,,
USW00013743,"WASHINGTON REAGAN NATIONAL AIRPORT, VA US",7/29/2018,6.04,,,,,,,0,0,0,78,87,70,,150,150,,,,14.1,17,,,,,,,,,
USW00013743,"WASHINGTON REAGAN NATIONAL AIRPORT, VA US",7/30/2018,7.61,,,,,,,0.51,0,0,76,78,72,,110,120,,,,17,23,1,,1,,,,,,
USW00013743,"WASHINGTON REAGAN NATIONAL AIRPORT, VA US",7/31/2018,5.37,,,,,,,0.03,0,0,76,84,71,,170,170,,,,15,18.1,1,,1,,,,1,,
USW00013743,"WASHINGTON REAGAN NATIONAL AIRPORT, VA US",8/1/2018,10.96,,,,,,,0.25,0,0,80,89,74,,220,200,,,,21.9,28,1,,1,,,,1,,
USW00013743,"WASHINGTON REAGAN NATIONAL AIRPORT, VA US",8/2/2018,6.71,,,,,,,1.03,0,0,79,86,75,,140,140,,,,17,21,1,,1,,,,1,,
USW00013743,"WASHINGTON REAGAN NATIONAL AIRPORT, VA US",8/3/2018,9.62,,,,,,,0.31,0,0,78,84,73,,190,180,,,,21,28,1,,1,,,,1,,
USW00013743,"WASHINGTON REAGAN NATIONAL AIRPORT, VA US",8/4/2018,6.04,,,,,,,0.11,0,0,79,90,73,,320,320,,,,16.1,19.9,1,,,,,,,,
USW00013743,"WASHINGTON REAGAN NATIONAL AIRPORT, VA US",8/5/2018,5.59,,,,,,,0,0,0,81,91,74,,180,250,,,,13,16.1,,,1,,,,,,
USW00013743,"WASHINGTON REAGAN NATIONAL AIRPORT, VA US",8/6/2018,5.37,,,,,,,0.18,0,0,81,91,74,,260,260,,,,19.9,23.9,,,1,,,,,,
USW00013743,"WASHINGTON REAGAN NATIONAL AIRPORT, VA US",8/7/2018,5.37,,,,,,,0.12,0,0,81,91,75,,360,210,,,,16.1,21,,,1,,,,,,
USW00013743,"WASHINGTON REAGAN NATIONAL AIRPORT, VA US",8/8/2018,6.04,,,,,,,0,0,0,83,94,75,,170,170,,,,14.1,17,1,,1,,,,1,,
USW00013743,"WASHINGTON REAGAN NATIONAL AIRPORT, VA US",8/9/2018,7.38,,,,,,,0,0,0,84,92,75,,340,330,,,,18.1,23,,,,,,,,,
USW00013743,"WASHINGTON REAGAN NATIONAL AIRPORT, VA US",8/10/2018,6.04,,,,,,,0,0,0,84,92,75,,340,340,,,,15,19,,,,,,,1,,
USW00013743,"WASHINGTON REAGAN NATIONAL AIRPORT, VA US",8/11/2018,4.7,,,,,,,0.01,0,0,83,91,76,,300,300,,,,16.1,23,,,1,,,,,,
USW00013743,"WASHINGTON REAGAN NATIONAL AIRPORT, VA US",8/12/2018,5.82,,,,,,,0.36,0,0,79,87,74,,160,160,,,,13,15,,,1,,,,1,,
USW00013743,"WASHINGTON REAGAN NATIONAL AIRPORT, VA US",8/13/2018,6.93,,,,,,,0,0,0,78,88,72,,270,260,,,,38.9,51,1,,1,,,,1,,
USW00013743,"WASHINGTON REAGAN NATIONAL AIRPORT, VA US",8/14/2018,8.28,,,,,,,0,0,0,77,87,69,,280,280,,,,18.1,25.9,,,1,,,,,,
USW00013743,"WASHINGTON REAGAN NATIONAL AIRPORT, VA US",8/15/2018,6.49,,,,,,,0,0,0,81,92,72,,280,260,,,,16.1,21,,,,,,,,,
USW00013743,"WASHINGTON REAGAN NATIONAL AIRPORT, VA US",8/16/2018,5.82,,,,,,,0,0,0,82,90,73,,170,190,,,,15,21.9,,,,,,,,,
USW00013743,"WASHINGTON REAGAN NATIONAL AIRPORT, VA US",8/17/2018,8.05,,,,,,,0,0,0,84,94,78,,180,200,,,,18.1,23,,,,,,,,,
USW00013743,"WASHINGTON REAGAN NATIONAL AIRPORT, VA US",8/18/2018,7.16,,,,,,,0,0,0,82,90,76,,280,280,,,,19.9,23.9,,,1,,,,,,
USW00013743,"WASHINGTON REAGAN NATIONAL AIRPORT, VA US",8/19/2018,9.4,,,,,,,0,0,0,80,87,72,,70,60,,,,16.1,19,,,,,,,,,
USW00013743,"WASHINGTON REAGAN NATIONAL AIRPORT, VA US",8/20/2018,9.4,,,,,,,0,0,0,76,82,71,,30,30,,,,16.1,18.1,,,,,,,,,
USW00013743,"WASHINGTON REAGAN NATIONAL AIRPORT, VA US",8/21/2018,8.5,,,,,,,2.46,0,0,77,82,73,,170,170,,,,31.1,40,1,,1,,,,1,,
USW00013743,"WASHINGTON REAGAN NATIONAL AIRPORT, VA US",8/22/2018,7.61,,,,,,,0.02,0,0,78,86,72,,270,280,,,,17,21.9,,,,,,,,,
USW00013743,"WASHINGTON REAGAN NATIONAL AIRPORT, VA US",8/23/2018,10.07,,,,,,,0,0,0,74,81,66,,360,310,,,,19.9,23.9,,,,,,,,,
USW00013743,"WASHINGTON REAGAN NATIONAL AIRPORT, VA US",8/24/2018,4.92,,,,,,,0,0,0,74,84,63,,140,220,,,,12.1,15,,,,,,,,,
USW00013743,"WASHINGTON REAGAN NATIONAL AIRPORT, VA US",8/25/2018,4.92,,,,,,,0,0,0,75,82,67,,170,170,,,,12.1,13,,,,,,,,,
USW00013743,"WASHINGTON REAGAN NATIONAL AIRPORT, VA US",8/26/2018,8.28,,,,,,,0,0,0,76,88,68,,180,170,,,,15,19,,,,,,,,,
USW00013743,"WASHINGTON REAGAN NATIONAL AIRPORT, VA US",8/27/2018,5.59,,,,,,,0,0,0,82,91,75,,210,230,,,,10.1,13,,,,,,,,,
USW00013743,"WASHINGTON REAGAN NATIONAL AIRPORT, VA US",8/28/2018,6.93,,,,,,,0,0,0,84,94,78,,170,170,,,,13,15,1,,,,,,1,,
USW00013743,"WASHINGTON REAGAN NATIONAL AIRPORT, VA US",8/29/2018,8.05,,,,,,,0,0,0,85,94,79,,170,170,,,,16.1,19,1,,,,,,,,
USW00013743,"WASHINGTON REAGAN NATIONAL AIRPORT, VA US",8/30/2018,6.49,,,,,,,0.04,0,0,86,93,78,,340,330,,,,14.1,19,,,1,,,,,,
USW00013743,"WASHINGTON REAGAN NATIONAL AIRPORT, VA US",8/31/2018,6.93,,,,,,,0.3,0,0,84,90,75,,70,70,,,,21.9,25.9,1,,1,,,,,,
USW00013743,"WASHINGTON REAGAN NATIONAL AIRPORT, VA US",9/1/2018,8.5,,,,,,,0.81,0,0,79,89,74,,200,190,,,,25.1,34,1,,1,,,,,,
USW00013743,"WASHINGTON REAGAN NATIONAL AIRPORT, VA US",9/2/2018,4.03,,,,,,,0,0,0,80,89,74,,190,190,,,,8.9,10.1,,,,,,,,,
USW00013743,"WASHINGTON REAGAN NATIONAL AIRPORT, VA US",9/3/2018,6.49,,,,,,,0,0,0,84,93,78,,170,170,,,,15,18.1,,,,,,,,,
USW00013743,"WASHINGTON REAGAN NATIONAL AIRPORT, VA US",9/4/2018,3.58,,,,,,,0,0,0,85,95,79,,30,20,,,,19.9,21.9,,,1,,,,,,
USW00013743,"WASHINGTON REAGAN NATIONAL AIRPORT, VA US",9/5/2018,5.14,,,,,,,0,0,0,85,93,78,,170,180,,,,12.1,13,,,,,,,1,,
USW00013743,"WASHINGTON REAGAN NATIONAL AIRPORT, VA US",9/6/2018,7.61,,,,,,,0,0,0,85,93,78,,350,350,,,,15,17,,,,,,,,,
USW00013743,"WASHINGTON REAGAN NATIONAL AIRPORT, VA US",9/7/2018,5.59,,,,,,,2.89,0,0,82,91,72,,320,320,,,,23.9,30,1,,1,,,,,,
USW00013743,"WASHINGTON REAGAN NATIONAL AIRPORT, VA US",9/8/2018,11.63,,,,,,,0.45,0,0,73,77,63,,40,40,,,,23.9,29.1,1,,,,,,,,
USW00013743,"WASHINGTON REAGAN NATIONAL AIRPORT, VA US",9/9/2018,15.21,,,,,,,1.59,0,0,65,67,62,,50,50,,,,25.1,30,1,,,,,,,,
USW00013743,"WASHINGTON REAGAN NATIONAL AIRPORT, VA US",9/10/2018,7.61,,,,,,,0.02,0,0,68,76,65,,70,60,,,,16.1,19.9,1,,1,,,,,,
USW00013743,"WASHINGTON REAGAN NATIONAL AIRPORT, VA US",9/11/2018,6.93,,,,,,,0,0,0,74,77,71,,350,320,,,,13,14.1,1,1,1,,,,,,
USW00013743,"WASHINGTON REAGAN NATIONAL AIRPORT, VA US",9/12/2018,4.03,,,,,,,0.01,0,0,76,86,71,,350,360,,,,12.1,14.1,1,,,,,,1,,
USW00013743,"WASHINGTON REAGAN NATIONAL AIRPORT, VA US",9/13/2018,10.29,,,,,,,0,0,0,76,82,73,,60,40,,,,15,19,1,,,,,,,,
USW00013743,"WASHINGTON REAGAN NATIONAL AIRPORT, VA US",9/14/2018,13.42,,,,,,,0,0,0,75,78,72,,50,50,,,,21,23.9,1,,,,,,1,,
USW00013743,"WASHINGTON REAGAN NATIONAL AIRPORT, VA US",9/15/2018,9.62,,,,,,,0,0,0,75,83,70,,60,40,,,,16.1,19,1,,,,,,,,
USW00013743,"WASHINGTON REAGAN NATIONAL AIRPORT, VA US",9/16/2018,9.4,,,,,,,0,0,0,74,83,69,,80,40,,,,17,19.9,1,,,,,,,,
USW00013743,"WASHINGTON REAGAN NATIONAL AIRPORT, VA US",9/17/2018,8.72,,,,,,,1.26,0,0,76,80,72,,130,120,,,,23,31.1,1,,1,,,,,,
USW00013743,"WASHINGTON REAGAN NATIONAL AIRPORT, VA US",9/18/2018,8.95,,,,,,,0.22,0,0,78,84,73,,350,330,,,,19.9,25.1,1,,1,,,,,,
USW00013743,"WASHINGTON REAGAN NATIONAL AIRPORT, VA US",9/19/2018,7.83,,,,,,,0,0,0,79,87,72,,360,340,,,,18.1,21,,,,,,,,,
USW00013743,"WASHINGTON REAGAN NATIONAL AIRPORT, VA US",9/20/2018,6.71,,,,,,,0,0,0,76,83,69,,160,160,,,,14.1,19,,,,,,,,,
USW00013743,"WASHINGTON REAGAN NATIONAL AIRPORT, VA US",9/21/2018,9.62,,,,,,,0.28,0,0,73,78,68,,180,190,,,,17,19.9,1,,,,,,,,
USW00013743,"WASHINGTON REAGAN NATIONAL AIRPORT, VA US",9/22/2018,9.84,,,,,,,0.01,0,0,75,80,65,,20,20,,,,18.1,23,,,,,,,,,
USW00013743,"WASHINGTON REAGAN NATIONAL AIRPORT, VA US",9/23/2018,9.17,,,,,,,0.71,0,0,64,66,61,,20,10,,,,16.1,21.9,1,,,,,,,,
USW00013743,"WASHINGTON REAGAN NATIONAL AIRPORT, VA US",9/24/2018,10.51,,,,,,,0.29,0,0,65,68,63,,80,70,,,,17,23,1,,,,,,,,
USW00013743,"WASHINGTON REAGAN NATIONAL AIRPORT, VA US",9/25/2018,6.04,,,,,,,0.1,0,0,72,82,68,,220,220,,,,14.1,17,1,,,,,,,,
USW00013743,"WASHINGTON REAGAN NATIONAL AIRPORT, VA US",9/26/2018,9.62,,,,,,,0.19,0,0,77,87,72,,260,270,,,,21.9,25.1,1,1,1,,,,,,
USW00013743,"WASHINGTON REAGAN NATIONAL AIRPORT, VA US",9/27/2018,9.84,,,,,,,0.59,0,0,68,73,59,,50,40,,,,16.1,19.9,1,,1,,,,,,
USW00013743,"WASHINGTON REAGAN NATIONAL AIRPORT, VA US",9/28/2018,4.92,,,,,,,0.31,0,0,65,77,60,,330,310,,,,15,19.9,1,,,,,,,,
USW00013743,"WASHINGTON REAGAN NATIONAL AIRPORT, VA US",9/29/2018,6.26,,,,,,,0,0,0,70,80,63,,330,330,,,,16.1,19.9,,,,,,,,,
USW00013743,"WASHINGTON REAGAN NATIONAL AIRPORT, VA US",9/30/2018,5.82,,,,,,,0,0,0,68,76,60,,160,160,,,,13,15,,,,,,,,,
USW00013743,"WASHINGTON REAGAN NATIONAL AIRPORT, VA US",10/1/2018,7.61,,,,,,,0,0,0,71,81,64,,170,170,,,,13,15,,,,,,,,,
USW00013743,"WASHINGTON REAGAN NATIONAL AIRPORT, VA US",10/2/2018,8.72,,,,,,,0,0,0,74,84,66,,200,210,,,,16.1,21,,,,,,,,,
USW00013743,"WASHINGTON REAGAN NATIONAL AIRPORT, VA US",10/3/2018,5.82,,,,,,,0,0,0,76,87,69,,340,340,,,,15,18.1,,,,,,,,,
USW00013743,"WASHINGTON REAGAN NATIONAL AIRPORT, VA US",10/4/2018,5.82,,,,,,,0,0,0,76,90,68,,60,20,,,,21,23.9,1,,,,,,,,
USW00013743,"WASHINGTON REAGAN NATIONAL AIRPORT, VA US",10/5/2018,8.72,,,,,,,0,0,0,72,77,66,,50,30,,,,21.9,27.1,,,,,,,1,,
USW00013743,"WASHINGTON REAGAN NATIONAL AIRPORT, VA US",10/6/2018,3.8,,,,,,,0,0,0,70,75,66,,210,190,,,,10.1,13,1,,,,,,1,,
USW00013743,"WASHINGTON REAGAN NATIONAL AIRPORT, VA US",10/7/2018,5.59,,,,,,,0,0,0,75,82,71,,170,180,,,,10.1,12.1,1,,,,,,,,
USW00013743,"WASHINGTON REAGAN NATIONAL AIRPORT, VA US",10/8/2018,4.03,,,,,,,0,0,0,76,85,71,,170,160,,,,14.1,17,1,,,,,,,,
USW00013743,"WASHINGTON REAGAN NATIONAL AIRPORT, VA US",10/9/2018,3.8,,,,,,,0,0,0,76,83,72,,120,190,,,,8.9,11,,,,,,,,,
USW00013743,"WASHINGTON REAGAN NATIONAL AIRPORT, VA US",10/10/2018,6.49,,,,,,,0,0,0,77,84,73,,170,180,,,,13,15,,,,,,,,,
USW00013743,"WASHINGTON REAGAN NATIONAL AIRPORT, VA US",10/11/2018,10.29,,,,,,,1.51,0,0,78,83,70,,330,340,,,,28,32,1,,1,,,,,,
USW00013743,"WASHINGTON REAGAN NATIONAL AIRPORT, VA US",10/12/2018,14.76,,,,,,,0,0,0,65,70,55,,320,320,,,,35.1,46.1,,,,,,,,,
USW00013743,"WASHINGTON REAGAN NATIONAL AIRPORT, VA US",10/13/2018,8.95,,,,,,,0.02,0,0,56,62,49,,330,330,,,,21,29.1,,,,,,,,,
USW00013743,"WASHINGTON REAGAN NATIONAL AIRPORT, VA US",10/14/2018,3.58,,,,,,,0.01,0,0,53,60,48,,210,220,,,,8.9,13,1,,,,,,,,
USW00013743,"WASHINGTON REAGAN NATIONAL AIRPORT, VA US",10/15/2018,10.51,,,,,,,0.18,0,0,63,74,59,,320,320,,,,25.1,31.1,1,,,,,,,,
USW00013743,"WASHINGTON REAGAN NATIONAL AIRPORT, VA US",10/16/2018,9.62,,,,,,,0,0,0,63,67,56,,340,320,,,,23,29.1,,,,,,,,,
USW00013743,"WASHINGTON REAGAN NATIONAL AIRPORT, VA US",10/17/2018,9.62,,,,,,,0,0,0,60,70,53,,290,290,,,,25.1,34,,,,,,,,,
USW00013743,"WASHINGTON REAGAN NATIONAL AIRPORT, VA US",10/18/2018,9.4,,,,,,,0,0,0,55,59,47,,350,350,,,,23,27.1,,,,,,,,,
USW00013743,"WASHINGTON REAGAN NATIONAL AIRPORT, VA US",10/19/2018,8.95,,,,,,,0.02,0,0,53,66,43,,210,190,,,,18.1,23.9,,,,,,,,,
USW00013743,"WASHINGTON REAGAN NATIONAL AIRPORT, VA US",10/20/2018,8.05,,,,,,,0.07,0,0,60,69,53,,310,320,,,,36,42.9,,,,,,,,,
USW00013743,"WASHINGTON REAGAN NATIONAL AIRPORT, VA US",10/21/2018,15.21,,,,,,,0,0,0,53,56,42,,330,340,,,,31.1,42.1,,,,,,,,,
USW00013743,"WASHINGTON REAGAN NATIONAL AIRPORT, VA US",10/22/2018,8.5,,,,,,,0,0,0,47,58,38,,200,210,,,,19.9,23.9,,,,,,,,,
USW00013743,"WASHINGTON REAGAN NATIONAL AIRPORT, VA US",10/23/2018,8.72,,,,,,,0,0,0,56,72,45,,330,330,,,,21.9,25.9,,,,,,,,,
USW00013743,"WASHINGTON REAGAN NATIONAL AIRPORT, VA US",10/24/2018,11.63,,,,,,,0,0,0,54,58,43,,330,330,,,,23,30,,,,,,,,,
USW00013743,"WASHINGTON REAGAN NATIONAL AIRPORT, VA US",10/25/2018,6.93,,,,,,,0,0,0,47,55,40,,330,320,,,,14.1,18.1,,,,,,,,,
USW00013743,"WASHINGTON REAGAN NATIONAL AIRPORT, VA US",10/26/2018,8.72,,,,,,,0.74,0,0,49,51,45,,70,70,,,,19.9,23,1,,,,,,,,
USW00013743,"WASHINGTON REAGAN NATIONAL AIRPORT, VA US",10/27/2018,11.86,,,,,,,0.49,0,0,51,54,49,,320,310,,,,21,28,1,,,,,,,,
USW00013743,"WASHINGTON REAGAN NATIONAL AIRPORT, VA US",10/28/2018,8.05,,,,,,,0.02,0,0,54,62,50,,220,220,,,,17,21.9,,,,,,,,,
USW00013743,"WASHINGTON REAGAN NATIONAL AIRPORT, VA US",10/29/2018,8.5,,,,,,,0,0,0,55,62,48,,280,280,,,,25.1,34,,,,,,,,,
USW00013743,"WASHINGTON REAGAN NATIONAL AIRPORT, VA US",10/30/2018,5.59,,,,,,,0,0,0,53,65,43,,300,300,,,,17,23,,,,,,,,,
USW00013743,"WASHINGTON REAGAN NATIONAL AIRPORT, VA US",10/31/2018,6.93,,,,,,,0,0,0,55,69,47,,190,200,,,,15,19,,,,,,,,,
USW00013743,"WASHINGTON REAGAN NATIONAL AIRPORT, VA US",11/1/2018,11.63,,,,,,,0,0,0,63,76,57,,200,200,,,,28,32,,,,,,,,,
USW00013743,"WASHINGTON REAGAN NATIONAL AIRPORT, VA US",11/2/2018,10.96,,,,,,,0.75,0,0,69,73,56,,300,300,,,,30,35.1,1,,,,,,,,
USW00013743,"WASHINGTON REAGAN NATIONAL AIRPORT, VA US",11/3/2018,10.07,,,,,,,0.03,0,0,57,61,47,,320,320,,,,28,36,,,,,,,,,
USW00013743,"WASHINGTON REAGAN NATIONAL AIRPORT, VA US",11/4/2018,5.59,,,,,,,0,0,0,51,59,42,,70,90,,,,12.1,14.1,,,,,,,,,
USW00013743,"WASHINGTON REAGAN NATIONAL AIRPORT, VA US",11/5/2018,7.83,,,,,,,1.44,0,0,54,58,53,,10,10,,,,16.1,19.9,1,,,,,,,,
USW00013743,"WASHINGTON REAGAN NATIONAL AIRPORT, VA US",11/6/2018,6.71,,,,,,,0.79,0,0,56,61,54,,310,310,,,,14.1,19,1,,,,,,,,
USW00013743,"WASHINGTON REAGAN NATIONAL AIRPORT, VA US",11/7/2018,4.7,,,,,,,0,0,0,57,66,48,,270,260,,,,16.1,23.9,1,,,,,,,,
USW00013743,"WASHINGTON REAGAN NATIONAL AIRPORT, VA US",11/8/2018,9.17,,,,,,,0,0,0,56,61,50,,20,10,,,,18.1,23,,,,,,,,,
USW00013743,"WASHINGTON REAGAN NATIONAL AIRPORT, VA US",11/9/2018,7.61,,,,,,,0.54,0,0,50,52,46,,50,50,,,,15,19,1,,,,,,,,
USW00013743,"WASHINGTON REAGAN NATIONAL AIRPORT, VA US",11/10/2018,12.75,,,,,,,0,0,0,46,50,33,,310,320,,,,29.1,40,,,,,,,,,
USW00013743,"WASHINGTON REAGAN NATIONAL AIRPORT, VA US",11/11/2018,5.14,,,,,,,0,0,0,38,48,31,,160,330,,,,10.1,13,,,,,,,,,
USW00013743,"WASHINGTON REAGAN NATIONAL AIRPORT, VA US",11/12/2018,3.58,,,,,,,0.6,0,0,42,50,36,,30,30,,,,10.1,12.1,1,,,,,,,,
USW00013743,"WASHINGTON REAGAN NATIONAL AIRPORT, VA US",11/13/2018,10.51,,,,,,,0.34,0,0,46,50,44,,330,310,,,,19.9,25.9,1,,,,,,,,
USW00013743,"WASHINGTON REAGAN NATIONAL AIRPORT, VA US",11/14/2018,10.96,,,,,,,0,0,0,43,46,38,,340,330,,,,21,25.9,,,,,,,,,
USW00013743,"WASHINGTON REAGAN NATIONAL AIRPORT, VA US",11/15/2018,14.99,,,,,,,1.15,1.4,0,38,41,32,,30,40,,,,23.9,31.1,1,,,1,,,,,
USW00013743,"WASHINGTON REAGAN NATIONAL AIRPORT, VA US",11/16/2018,11.86,,,,,,,0.05,0,0,43,54,37,,300,310,,,,23,32,1,,,,,,,,
USW00013743,"WASHINGTON REAGAN NATIONAL AIRPORT, VA US",11/17/2018,6.71,,,,,,,0,0,0,46,51,40,,340,290,,,,17,19.9,,,,,,,,,
USW00013743,"WASHINGTON REAGAN NATIONAL AIRPORT, VA US",11/18/2018,3.8,,,,,,,0,0,0,43,52,34,,200,200,,,,12.1,14.1,,,,,,,,,
USW00013743,"WASHINGTON REAGAN NATIONAL AIRPORT, VA US",11/19/2018,4.47,,,,,,,0,0,0,48,59,40,,170,170,,,,8.9,12.1,,,,,,,,,
USW00013743,"WASHINGTON REAGAN NATIONAL AIRPORT, VA US",11/20/2018,10.29,,,,,,,0,0,0,51,56,42,,310,330,,,,30,36.9,,,,,,,,,
USW00013743,"WASHINGTON REAGAN NATIONAL AIRPORT, VA US",11/21/2018,9.4,,,,,,,0,0,0,44,55,33,,330,320,,,,21.9,28,,,,,,,,,
USW00013743,"WASHINGTON REAGAN NATIONAL AIRPORT, VA US",11/22/2018,13.87,,,,,,,0,0,0,36,42,29,,10,360,,,,23,27.1,,,,,,,,,
USW00013743,"WASHINGTON REAGAN NATIONAL AIRPORT, VA US",11/23/2018,6.71,,,,,,,0,0,0,31,35,28,,50,50,,,,13,15,,,,,,,,,
USW00013743,"WASHINGTON REAGAN NATIONAL AIRPORT, VA US",11/24/2018,8.05,,,,,,,1.42,0,0,38,48,34,,60,40,,,,21.9,27.1,1,,,,,,,,
USW00013743,"WASHINGTON REAGAN NATIONAL AIRPORT, VA US",11/25/2018,5.82,,,,,,,0,0,0,46,60,38,,170,180,,,,13,16.1,,,,,,,,,
USW00013743,"WASHINGTON REAGAN NATIONAL AIRPORT, VA US",11/26/2018,6.93,,,,,,,0.45,0,0,49,52,42,,300,320,,,,21,27.1,1,,,,,,,,
USW00013743,"WASHINGTON REAGAN NATIONAL AIRPORT, VA US",11/27/2018,15.21,,,,,,,0,0,0,42,45,37,,320,290,,,,28,40,,,,,,,,,
USW00013743,"WASHINGTON REAGAN NATIONAL AIRPORT, VA US",11/28/2018,17,,,,,,,0,0,0,37,40,32,,310,300,,,,33.1,42.1,,,,,,,,,
USW00013743,"WASHINGTON REAGAN NATIONAL AIRPORT, VA US",11/29/2018,8.5,,,,,,,0,0,0,35,42,31,,300,300,,,,18.1,21.9,,,,,,,,,
USW00013743,"WASHINGTON REAGAN NATIONAL AIRPORT, VA US",11/30/2018,3.8,,,,,,,0.01,0,0,41,47,38,,50,40,,,,8.9,10.1,,,,,,,,,
USW00013743,"WASHINGTON REAGAN NATIONAL AIRPORT, VA US",12/1/2018,3.36,,,,,,,0.21,0,0,41,45,36,,60,40,,,,8.9,10.1,1,,,,,,,,
USW00013743,"WASHINGTON REAGAN NATIONAL AIRPORT, VA US",12/2/2018,7.61,,,,,,,0.11,0,0,48,58,45,,180,190,,,,15,17,1,,,,,,,,
USW00013743,"WASHINGTON REAGAN NATIONAL AIRPORT, VA US",12/3/2018,9.84,,,,,,,0,0,0,56,62,48,,320,320,,,,23,28,1,,,,,,,,
USW00013743,"WASHINGTON REAGAN NATIONAL AIRPORT, VA US",12/4/2018,11.86,,,,,,,0,0,0,45,48,35,,330,320,,,,19.9,23.9,,,,,,,,,
USW00013743,"WASHINGTON REAGAN NATIONAL AIRPORT, VA US",12/5/2018,6.93,,,,,,,0,0,0,37,41,33,,350,340,,,,15,17,,,,,,,,,
USW00013743,"WASHINGTON REAGAN NATIONAL AIRPORT, VA US",12/6/2018,8.05,,,,,,,0,0,0,38,45,33,,250,260,,,,16.1,21,,,,,,,,,
USW00013743,"WASHINGTON REAGAN NATIONAL AIRPORT, VA US",12/7/2018,9.4,,,,,,,0,0,0,40,44,33,,330,330,,,,21,27.1,,,,,,,,,
USW00013743,"WASHINGTON REAGAN NATIONAL AIRPORT, VA US",12/8/2018,6.93,,,,,,,0,0,0,34,40,27,,320,330,,,,17,21.9,,,,,,,,,
USW00013743,"WASHINGTON REAGAN NATIONAL AIRPORT, VA US",12/9/2018,9.17,,,,,,,0,0,0,34,35,32,,30,10,,,,16.1,19,,,,,,,,,
USW00013743,"WASHINGTON REAGAN NATIONAL AIRPORT, VA US",12/10/2018,10.51,,,,,,,0,0,0,35,41,30,,360,30,,,,19.9,23,,,,,,,,,
USW00013743,"WASHINGTON REAGAN NATIONAL AIRPORT, VA US",12/11/2018,5.82,,,,,,,0,0,0,35,47,26,,300,300,,,,12.1,15,,,,,,,,,
USW00013743,"WASHINGTON REAGAN NATIONAL AIRPORT, VA US",12/12/2018,5.14,,,,,,,0,0,0,39,47,30,,170,190,,,,12.1,14.1,,,,,,,,,
USW00013743,"WASHINGTON REAGAN NATIONAL AIRPORT, VA US",12/13/2018,3.8,,,,,,,0,0,0,43,54,39,,60,210,,,,8.9,12.1,,,,,,,,,
USW00013743,"WASHINGTON REAGAN NATIONAL AIRPORT, VA US",12/14/2018,5.59,,,,,,,0.29,0,0,44,49,37,,10,10,,,,10.1,13,1,,,,,,1,,
USW00013743,"WASHINGTON REAGAN NATIONAL AIRPORT, VA US",12/15/2018,11.41,,,,,,,2.55,0,0,51,55,48,,40,20,,,,21,25.9,1,,,,,,,,
USW00013743,"WASHINGTON REAGAN NATIONAL AIRPORT, VA US",12/16/2018,11.41,,,,,,,0.6,0,0,48,50,43,,340,40,,,,18.1,23,1,,,,,,,,
USW00013743,"WASHINGTON REAGAN NATIONAL AIRPORT, VA US",12/17/2018,11.18,,,,,,,0,0,0,48,58,42,,290,320,,,,23,32,,,,,,,,,
USW00013743,"WASHINGTON REAGAN NATIONAL AIRPORT, VA US",12/18/2018,10.29,,,,,,,0,0,0,43,47,34,,320,330,,,,21,28,,,,,,,,,
USW00013743,"WASHINGTON REAGAN NATIONAL AIRPORT, VA US",12/19/2018,5.82,,,,,,,0,0,0,39,51,30,,200,200,,,,14.1,19,,,,,,,,,
USW00013743,"WASHINGTON REAGAN NATIONAL AIRPORT, VA US",12/20/2018,6.93,,,,,,,0.36,0,0,41,62,36,,140,120,,,,23.9,32,1,,,,,,,,
USW00013743,"WASHINGTON REAGAN NATIONAL AIRPORT, VA US",12/21/2018,11.86,,,,,,,0.17,0,0,59,67,47,,150,140,,,,23.9,33.1,,,,,,,,,
USW00013743,"WASHINGTON REAGAN NATIONAL AIRPORT, VA US",12/22/2018,14.32,,,,,,,0,0,0,49,53,42,,290,300,,,,28,38,,,,,,,,,
USW00013743,"WASHINGTON REAGAN NATIONAL AIRPORT, VA US",12/23/2018,5.59,,,,,,,0.02,0,0,44,49,37,,330,350,,,,15,18.1,,,,,,,,,
USW00013743,"WASHINGTON REAGAN NATIONAL AIRPORT, VA US",12/24/2018,9.62,,,,,,,0,0,0,45,48,40,,310,270,,,,23,30,,,,,,,,,
USW00013743,"WASHINGTON REAGAN NATIONAL AIRPORT, VA US",12/25/2018,6.93,,,,,,,0,0,0,40,44,31,,310,330,,,,13,16.1,,,,,,,,,
USW00013743,"WASHINGTON REAGAN NATIONAL AIRPORT, VA US",12/26/2018,4.25,,,,,,,0,0,0,38,47,31,,170,170,,,,13,13,,,,,,,,,
USW00013743,"WASHINGTON REAGAN NATIONAL AIRPORT, VA US",12/27/2018,5.14,,,,,,,0.01,0,0,41,53,33,,150,160,,,,13,16.1,1,,,,,,,,
USW00013743,"WASHINGTON REAGAN NATIONAL AIRPORT, VA US",12/28/2018,4.7,,,,,,,1.02,0,0,48,57,44,,290,290,,,,14.1,17,1,1,,,,,,,
USW00013743,"WASHINGTON REAGAN NATIONAL AIRPORT, VA US",12/29/2018,8.72,,,,,,,0,0,0,51,58,41,,350,350,,,,23,27.1,1,1,,,,,,,
USW00013743,"WASHINGTON REAGAN NATIONAL AIRPORT, VA US",12/30/2018,3.58,,,,,,,0,0,0,43,47,39,,170,170,,,,10.1,12.1,,,,,,,,,
USW00013743,"WASHINGTON REAGAN NATIONAL AIRPORT, VA US",12/31/2018,2.91,,,,,,,0.48,0,0,44,51,39,,200,200,,,,8.9,11,1,,,,,,,,
